07 07 Thu 08:53,14,26°,19°C
07 07 Thu 09:06,9,26°,20°C
07 07 Thu 09:16,4,26°,20°C
07 07 Thu 09:26,0,26°,20°C
07 07 Thu 09:36,0,26°,20°C
07 07 Thu 09:47,0,26°,20°C
07 07 Thu 09:57,0,26°,20°C
07 07 Thu 10:07,1,26°,20°C
07 07 Thu 10:17,7,26°,20°C
07 07 Thu 10:27,8,26°,20°C
07 07 Thu 10:37,8,26°,21°C
07 07 Thu 10:47,8,26°,21°C
07 07 Thu 10:57,11,26°,21°C
07 07 Thu 11:07,12,26°,20°C
07 07 Thu 11:17,12,26°,20°C
07 07 Thu 11:28,13,26°,20°C
07 07 Thu 11:38,12,26°,21°C
07 07 Thu 11:48,9,26°,21°C
07 07 Thu 11:58,7,26°,21°C
07 07 Thu 12:08,7,26°,21°C
07 07 Thu 12:18,7,26°,21°C
07 07 Thu 12:28,6,26°,21°C
07 07 Thu 12:38,8,26°,20°C
07 07 Thu 12:48,10,26°,20°C
07 07 Thu 12:58,10,26°,20°C
07 07 Thu 13:08,9,26°,20°C
07 07 Thu 13:19,9,26°,20°C
07 07 Thu 13:29,4,26°,20°C
07 07 Thu 13:39,3,26°,21°C
07 07 Thu 13:49,3,26°,21°C
07 07 Thu 13:59,4,26°,21°C
07 07 Thu 14:09,5,26°,21°C
07 07 Thu 14:19,3,26°,21°C
07 07 Thu 14:29,3,26°,21°C
07 07 Thu 14:39,6,26°,21°C
07 07 Thu 14:50,8,26°,21°C
07 07 Thu 15:00,11,26°,21°C
07 07 Thu 15:10,9,26°,20°C
07 07 Thu 15:20,10,26°,20°C
07 07 Thu 15:30,10,26°,20°C
07 07 Thu 15:40,11,26°,21°C
07 07 Thu 15:50,11,26°,21°C
07 07 Thu 16:00,9,26°,21°C
07 07 Thu 16:10,9,26°,20°C
07 07 Thu 16:20,7,26°,20°C
07 07 Thu 16:31,6,26°,20°C
07 07 Thu 16:41,4,26°,20°C
07 07 Thu 16:51,3,26°,20°C
07 07 Thu 17:01,2,26°,20°C
07 07 Thu 17:11,3,26°,19°C
07 07 Thu 17:21,3,26°,19°C
07 07 Thu 17:31,4,26°,19°C
07 07 Thu 17:41,4,26°,19°C
07 07 Thu 17:51,4,26°,19°C
07 07 Thu 18:01,4,26°,19°C
07 07 Thu 18:12,3,26°,20°C
07 07 Thu 18:22,3,26°,20°C
07 07 Thu 18:32,5,26°,20°C
07 07 Thu 18:42,5,26°,20°C
07 07 Thu 18:52,5,26°,20°C
07 07 Thu 19:02,4,26°,20°C
07 07 Thu 19:12,7,26°,19°C
07 07 Thu 19:22,8,26°,19°C
07 07 Thu 19:32,22,26°,19°C
07 07 Thu 19:42,23,26°,18°C
07 07 Thu 19:52,13,26°,18°C
07 07 Thu 20:03,8,26°,18°C
07 07 Thu 20:13,5,26°,17°C
07 07 Thu 20:23,5,26°,17°C
07 07 Thu 20:33,1,26°,17°C
07 07 Thu 20:43,0,26°,17°C
07 07 Thu 20:53,0,26°,17°C
07 07 Thu 21:03,0,26°,17°C
